{
  "feature_stats": {
    "Square_Footage": {
      "count": 1168.0,
      "mean": 1527.4015410958905,
      "std": 524.4326862400336,
      "min": 334.0,
      "25%": 1145.75,
      "50%": 1473.0,
      "75%": 1792.0,
      "max": 5642.0
    },
    "Bedrooms": {
      "count": 1168.0,
      "mean": 2.8904109589041096,
      "std": 0.8048549144829651,
      "min": 0.0,
      "25%": 2.0,
      "50%": 3.0,
      "75%": 3.0,
      "max": 8.0
    },
    "Total_Bathrooms": {
      "count": 1168.0,
      "mean": 1.7679794520547945,
      "std": 0.6302992525941779,
      "min": 0.0,
      "25%": 1.0,
      "50%": 2.0,
      "75%": 2.5,
      "max": 3.5
    }
  },
  "target_stats": {
    "mean": 181441.5419520548,
    "std": 77263.5838622284,
    "min": 34900.0,
    "max": 745000.0
  }
}